big_demand,prob_demand
50,0.0049662487011154031
49,0.0069086254716459686
48,0.0094184819577843026
47,0.0125781082549172
46,0.016447745098266044
45,0.021050255871111319
44,0.026355003219401839
43,0.032263310720877965
42,0.038598512387913959
41,0.045103790163456996
40,0.051450556370094047
39,0.057258932552283232
38,0.062129954438340039
37,0.065686755704215408
