big_demand,prob_demand
42,0.05956755604665534
43,0.055320755459313323
44,0.050209072793320028
45,0.044557053445331368
46,0.038681687070876575
47,0.032866565616085135
48,0.027343862608793585
49,0.022284893291920321
50,0.017798660950523251
51,0.01393682766246717
52,0.01070304525619159
53,0.0080645152562616434
54,0.005963912783304829
