big_demand,prob_lead_demand
34,0.067823822478731866
35,0.063431386078540167
36,0.057675541960497852
37,0.051024639318045933
38,0.04395277807287154
39,0.036890259190522641
40,0.03018851141480686
41,0.024101708264760512
42,0.018784018975213247
43,0.014299144208269474
44,0.010637690560287075
45,0.0077379304625371332
46,0.0055062632938899523
