big_demand,prob_lead_demand
60,0.052162751728815446
61,0.050641820485322259
62,0.048372248000256433
63,0.045470986062695333
64,0.042075864621629232
65,0.038335253841569904
66,0.034397989426934734
67,0.030404432859852348
68,0.026479308839881671
69,0.022726690893932928
70,0.019227234185920303
71,0.016037516572188038
72,0.013191168642069992
73,0.010701362196180295
74,0.0085641840991935014
75,0.0067624393325899585
76,0.0052694882514215183
77,0.0040528111406694682
