big_demand,prob_lead_demand
42,0.06180012290140393
43,0.058878373387500377
44,0.054819875780098844
45,0.049906883833878576
46,0.044446497391779728
47,0.038741336979772632
48,0.033064981736298252
49,0.027644397388469473
50,0.02265020010611437
51,0.018194360156637824
52,0.014334031808420158
53,0.011079685027447878
54,0.00840559720527446
55,0.0062609582179594236
56,0.0045802343425275747
