big_demand,prob_demand
35,0.06546430589719536
36,0.059765773412941488
37,0.053009184998343006
38,0.045657711358498922
39,0.038191148199668241
40,0.030996180331261163
41,0.024370560309917747
42,0.018519701744644772
43,0.013561318771189244
44,0.0095333816008708189
45,0.0064044608519269854
46,0.0040876710197989231
47,0.0024586835992156473
48,0.0013759911778908039
49,0.0006999236586064738
50,0.00030703543169269905
51,9.8104214088938466E-05
