big_demand,prob_lead_demand
34,0.0065656378420919188
33,0.00976969188222755
32,0.014109766718896648
31,0.019760359358160975
30,0.026809058270658513
29,0.035198798554502204
28,0.044673591052687207
27,0.054743671655363139
26,0.064687849388423591
25,0.073607333847824891
24,0.080535270643927584
