big_demand,prob_lead_demand
50,0.056311563064238068
51,0.0537373412893955
52,0.050294628081262741
53,0.04618431435345096
54,0.041624546016664515
55,0.036832872486069257
56,0.032010785529371637
57,0.02733192656094327
58,0.022934592114110502
59,0.018918546998869214
60,0.015345650293443877
61,0.012243461816203649
62,0.00961083919345462
63,0.0074245396429583662
64,0.0056459668730173794
65,0.0042274038458032931
