big_demand,prob_lead_demand
63,0.0052491425286206751
62,0.0069560432141787653
61,0.0090716715472875572
60,0.011639933772057465
59,0.014690450576250475
58,0.018231419524091665
57,0.022242409645542732
56,0.026667975496560276
55,0.031413145878763454
54,0.036341887306147208
53,0.041279515742622813
52,0.04601970391799777
51,0.050336210894548344
50,0.053998793111658824
49,0.056792032849896416
48,0.0585351655690381
