big_demand,prob_lead_demand
58,0.0049856293284301955
57,0.0067304011697765518
56,0.0089291224442771579
55,0.011638306138014863
54,0.014898599225274298
53,0.018725445933965315
52,0.023099416517310983
51,0.02795743506953834
50,0.033186425134598185
49,0.03862099408755422
48,0.044046611067507839
47,0.049209245731254528
46,0.053831630911970858
45,0.057635271153277115
44,0.060366198277627049
