big_demand,prob_demand
58,0.004921726140170792
57,0.006649791813851033
56,0.0088296912042307059
55,0.01151850601319108
54,0.0147577943349891
53,0.018564267785104137
52,0.022920089271740683
51,0.027764014294083886
50,0.032984890468236189
49,0.038419141978599643
48,0.04385371121233031
47,0.04903545399425617
46,0.0536871894892708
45,0.057529567873325589
44,0.060306793330089793
