StoreID,StoreName,AvgHouseholdIncome,AvgTraffic
1,Store 1,52446.10624269455,104.65077088327163
2,Store 2,60661.27426311566,96.60497807455266
3,Store 3,48931.02477857661,103.56659650180056
4,Store 4,67575.12023025552,100.62915457452848
5,Store 5,43025.18714593881,105.01339826490738
6,Store 6,64498.177069975,86.90928113121288
