SupplierID,SupplierName,ShippingCost,MinShippingVolume,MaxShippingVolume,FixedOrderSize,PurchaseCostBudget
1,Supplier 1,9.73416253516275,96.12718521676817,564.4444313976946,736,312904.86305220803
2,Supplier 2,8.307439943217839,94.38945060490066,871.4672058305623,341,22213.329158098823
3,Supplier 3,5.345315659087113,44.734080166920684,46.87113424767817,758,210629.27829882273
4,Supplier 4,4.9758411961349225,3.8101054638753684,237.69793321422736,471,866778.2782389745
5,Supplier 5,7.93951652509579,15.461546266485893,953.5534132196838,622,526281.585126238
