big_demand,prob_demand
51,0.0054709325111534706
50,0.0075284262164956282
49,0.010156565359094384
48,0.013428132333179762
47,0.017391198609069444
46,0.022054643274771534
45,0.027373512855692159
44,0.033236532840809914
43,0.039458543843277537
42,0.045780673207783021
41,0.051880497257643647
40,0.05739322798782244
39,0.0619431530006083
38,0.065182434926973232
