big_demand,prob_demand
28,0.076187069557146714
29,0.075007530210421045
30,0.071384710908792365
31,0.065745359646361676
32,0.0586592790931806
33,0.050750973310616676
34,0.042617410011505104
35,0.034764869433603837
36,0.027571455685157242
37,0.021275489755944049
38,0.015985181207916203
39,0.011702389553428475
40,0.0083528782997193424
41,0.00581666284616292
