big_demand,prob_lead_demand
55,0.053858369305879145
56,0.05170656806725292
57,0.048769847521689606
58,0.045206818552937907
59,0.041193858520405337
60,0.036911505835084117
61,0.032532127685864061
62,0.028209885210307126
63,0.024073614945516745
64,0.020222827438272046
65,0.016726653471040805
66,0.013625287170415407
67,0.010933303448758541
68,0.0086441646288062963
69,0.0067352617619082017
70,0.00517293449810961
71,0.0039170505008803208
