big_demand,prob_demand
58,0.00591998645759637
57,0.0079020507802561209
56,0.010365870556832133
55,0.013359337378930233
54,0.016909809563453653
53,0.021014718937475071
52,0.025632476324081992
51,0.030675031540935541
50,0.03600363112312048
49,0.041429283001646854
48,0.046719114926986785
47,0.051609179368227565
46,0.05582335328357195
45,0.059096922027308138
44,0.061202404528054047
