big_demand,prob_lead_demand
55,0.054490746390113268
56,0.052708813954206936
57,0.05009067711252653
58,0.046781853331854563
59,0.042951063877552029
60,0.038776730595551381
61,0.034434189767494981
62,0.030084769833534735
63,0.02586751192429006
64,0.021893903429952084
65,0.01824560866059716
66,0.014974865636958341
67,0.012107002882852803
68,0.0096444229382635967
69,0.0075713909346323384
70,0.0058590357091607842
71,0.004470090444171947
