big_demand,prob_demand
57,0.0046270078255291648
56,0.006299300407088539
55,0.0084255367480560676
54,0.011068212708965979
53,0.014275406598346013
52,0.01807097506608054
51,0.022444098215990537
50,0.02733943699478765
49,0.032649520040854446
48,0.038211150285185971
47,0.043807511053274656
46,0.049177185240712004
45,0.054030467991914716
44,0.058072225959505987
43,0.061029298773275967
